Id,Predicted
12507,0
16235,0 25
14976,0 23 25
16195,0 5
18226,0
12382,6
11509,0
1147,0
18507,18
1119,7
15740,6
12618,19
19174,0 5
14780,5
10586,21 25
12267,0
14578,0 25
14071,25
10866,0 25
10183,
16113,25
14679,23 25
19085,0
12741,23
19211,21
13664,4
13846,23
16466,12
16154,0
16664,0
1519,0 25
18726,4
14799,0 5
15009,4
15568,0
13651,0 23 25
13559,0
15848,0
13065,25
15866,0
12473,21
19354,11
14789,0 25
11035,7
11960,21 25
15151,5
10016,0
12582,23
12856,23
11381,0 25
11204,0
14175,0 25
11764,0 23
13143,0 23
18754,0
16378,23
11155,0
1311,25
13586,0
16840,0
12989,23
15268,11 25
16439,7
1865,25
14910,21 25
14707,23
11492,0 25
19840,0 2 7
11185,14
18855,7
1355,
17938,25
10946,6
10018,0
15831,0 25
10584,21
13624,6
17191,4 21 25
11915,0
13856,2
13611,21
10814,
1570,0
14958,25
15371,23
11344,0
1065,0 7 25
19333,0
17782,25
1638,0 25
12614,19
19527,7
19326,0 25
1875,6
17007,0
1828,0 25
13413,0 25
14020,25
19152,0
12978,0 3
1286,0
10831,4
15245,0
14754,4
18728,0
17857,0 4
16942,21
13473,0 21 25
12360,25
18209,0
15477,7
12565,2
14996,0
16533,7
14636,23
17018,0 25
1744,0 25
18710,0 21 25
16637,0 13
16038,0 25
1227,0
19509,23
19444,0 25
19897,0
16037,0 25
11043,14
19178,0
16399,23
13353,0 4
15809,6
19375,2
16115,0 23
1117,0 25
13633,7 25
1827,11
1427,0 5
17839,25
12515,0
14090,14
19097,0
18329,0 23
14247,25
14209,0 25
19936,0 25
12384,21 25
1758,0
18423,6 25
11440,19
12469,21
13956,0 7
12603,25
14921,0 7
13255,0 25
17270,0 2
14714,0
14331,0 25
10629,0 7
173,21
12248,3
16793,3
10681,23
11475,0 23
14449,0 4 25
15628,2 25
13384,25
12728,22
10272,0
17404,0
17546,0
15395,0
18600,
1892,0
11759,2
19200,2
10023,0
19981,23
12783,0
18026,25
14230,25
14932,0
14410,0 25
15631,3
19604,0
14221,0 25
12027,0
19012,0 25
17139,14
15788,23
13970,0
12168,25
19491,23
16689,0 5
17336,21 25
15137,21 25
11227,6 25
15633,21 25
15439,21 25
17573,
13845,6 23
13036,
18410,0 25
19311,0 25
17641,7 25
11330,25
19421,0
14802,0
15184,25
16449,
18617,0
11816,0 2 5 7
1106,23
10159,25
1527,7
15479,0
14158,25
15355,0 25
1501,0 4
10828,0 25
17658,
19871,2
14336,0
13619,0
16388,23
12140,0
15525,0
14298,6
1955,25
16480,0
14914,21
17048,25
18506,18
15228,23
17687,0 25
15546,21 25
19793,25
18840,7
10930,7
17774,4
10663,0 5 19
14180,0 25
18234,0
11207,0 25
10300,14
19386,23
15343,14 21
17895,25
14470,0
18935,25
11054,0
15430,0 25
10645,25
17349,22
14820,25
15206,25
10444,23
17750,0
18001,0 25
18213,25
13252,25
16642,21 25
16550,0 4
11788,0 25
16065,21 25
17928,0
13622,0
16419,23
10058,0
14008,25
17226,
18044,0 7 25
16674,0 25
11669,0
16557,0 25
17954,0 25
18812,0
12865,0 25
10984,0 25
14201,25
10595,
11236,23
19585,25
18741,0 25
13289,0
16566,25
11650,6 25
19688,0
18038,0 7
1860,23
14256,0
17480,25
15248,23
19863,23
18253,25
10790,0 23
18412,0
1050,4
17600,25
19523,23
1674,14 21 25
19693,25
10368,0 25
18093,0 25
17101,7
14700,0
13278,0 7
19951,0 25
12652,0 2 25
16237,0
15272,21 25
12794,7
1093,25
16096,0 25
14394,25
19923,21 25
17853,23
12504,19
13362,23
11262,2 23
13751,25
13206,25
19914,0
1332,0
19943,
12070,7
16708,0
14845,0
15917,0
13027,25
17854,23
14025,0
1600,6 25
11982,5
13917,2 25
19969,0 25
1081,0 7 25
12584,0 21
16853,0 25
11516,21
13785,5
16371,0
10714,0
15255,7
18473,22
16225,2
19954,5
16624,7
17574,25
16307,0 25
1361,21 25
19499,0 25
13929,2
19041,5 7
14050,23
130,11
15353,0 21
12988,0 25
11819,0
18204,5
12860,6
17159,0
18540,0
15088,0
13343,0 7
13791,4
19521,4
15587,25
13457,6
11142,25
1672,0 25
12776,0 25
12133,7 25
12072,12
16083,23
18371,0
14490,0 7
10410,7
19025,0
11322,19 25
18248,25
14417,0
11355,21
11600,25
13831,12 21
14691,19
11593,13
14840,1
11429,23
13554,0
10700,0 21 25
11192,7
17351,0
12852,6 23
19749,0
18939,0 2
184,21 25
10527,0
18456,0 25
1478,2 23
14176,0 25
13077,25
1562,0 25
16028,0
17429,21 25
13739,2
17410,6
11050,0 5
1146,0
13874,0 7
16487,25
19646,0 7
15533,25
12451,0 23
19821,0
14528,21 25
13012,0 7
16042,0
18829,0 5
10348,7 23
1918,2
14788,0 25
19314,0 25
19197,2 3 25
18141,
17493,25
17312,0
11790,6 25
10025,0 26
13592,23
15675,21
10273,0
12971,0 14
11731,21 25
14655,23
15646,2
16540,0
17897,13 21
19213,25
1105,23
10092,0 25
11338,0 25
13971,0
12205,6 23
10842,0
13952,23
13847,6
10430,2
10116,0
12464,21
18183,7
15946,0
15196,0 25
19358,0
16936,24
12377,25
15894,25
13712,0
16949,
12196,0
19695,14
16284,0
14236,0
15076,0 25
10415,23
14705,23
16685,7
12615,
15308,0 5
16407,25
13705,25
18027,25
18816,0
15964,0 21
18568,2
12648,0 25
1345,0
19913,5
16662,0 7
19209,0
17427,14 25
1125,0 23
17368,0 7
12369,0 25
11033,7
12148,
13589,25
14123,0
1161,25
11130,25
13215,
11806,23
13121,23
12799,25
11068,0
17257,0 3
16836,25
10830,25
1698,0
12345,0 19 25
13297,0 4
13632,25
17172,0 25
14133,0 25
1278,0 25
12181,25
19402,12 25
16408,21 25
13044,25
16900,0
12283,0
11661,0 23
15865,0
19599,21 25
13425,25
16595,7
15365,0
19779,23
16570,0
14837,0 26
12697,21
14681,0 25
19742,7
17700,2
10008,21
12940,7
16811,23
13349,23
18828,0
14848,23
16432,7
17556,6 23
12440,25
11312,23
10970,0 25
1272,23 25
11700,13 21 25
11297,25
13526,0 25
13352,7
16803,0 24
1790,0 5
10822,0 4 25
12656,3
13512,0 25
11256,0
15670,0 25
11859,11
16325,0 25
18380,23
16080,0
17528,26
16130,0
15868,7
19091,7
17044,0 25
15195,0 25
1287,0
10634,23
10139,0 5
16617,23
19258,21 25
10382,0 4
16488,25
16468,12
14673,23 25
10210,7 25
18527,0 21 25
1207,0
14140,0
15218,0
18435,0
11401,0
19924,21
18047,0 7
1717,0
17112,2
1075,0
11463,6 7 25
15613,0
10673,23 25
19768,4
17125,25
10570,25
13347,0 25
12171,21 25
17662,13
10426,25
19051,21
11174,0 25
12078,14 25
16779,23
17941,4
16327,21
18820,0
19299,23
12646,21 25
14916,21
12788,0 6 25
17630,0 21
18465,4 25
11233,23
11416,0 21
17693,25
18531,7
19220,1
10871,0 25
13782,0
19191,19 25
1709,0
19474,0 19
13988,25
19502,4
11824,7
17547,0 1
16598,7
19068,0
10767,0 5
13029,25
12161,25
19247,0 25
18375,0
1634,21 25
11920,14 25
1919,2
16409,25
12099,23
18567,2
18964,0 25
17522,25
17868,2
17111,2
19543,0 23
14957,25
12590,5
18062,0
16004,0
1011,23
16517,0
1900,23
10888,0 25
1384,0 25
15927,4
17428,21 25
19371,2
13043,25
15455,0
19154,5
17248,0 7
14162,19
12667,19
12044,0
12819,0
18660,25
14648,0
10056,0
19019,0 25
17396,0
17507,14
14246,21
13208,21 25
13184,0
14591,0
11491,0 25
17609,25
15803,0
14750,0
16498,5
14049,23
18239,0 25
17432,6 25
11976,14 21 25
13192,23
1277,25
16442,7
14455,0 21 25
19784,23
15489,0
18499,25
13283,0
19378,2 3
15755,0 25
16021,0 25
15774,23
16713,6
11448,7
11832,4
15841,0 21 25
13254,0 25
12662,23
15327,6 23
15806,5
14721,21
19792,11 25
14484,0 25
18944,12
17829,25
1555,22
1542,25
11904,25
11775,0 7
16831,21 25
1116,0
11867,25
11878,0
10440,0 7
1887,0
18241,0 25
10923,0
10419,7
18493,0 21 25
10820,25
12758,0
1036,0
11636,21
15007,4
1940,0
19060,19
10560,21
19644,0 7
12450,0
16110,25
13510,23
17683,7
19306,0
16474,7
17441,6
16749,7
1346,0
12673,0 23 25
10613,0 25
14859,0
19577,25
11107,0 25
18255,23
10153,5
1150,0
19687,0
14509,22
15955,0 23
18915,6
15501,25
14835,19 25
11238,2
13876,0 5
14939,0
15369,7 25
19056,0
12945,0 25
10983,0 25
18556,0
1315,0
1475,2 23
15072,23
19009,0 25
11843,25
10421,0 25
12361,6
17789,0
14572,0 25
17425,12 21
12113,0
13002,23
11118,4
13037,25
14695,6 25
14360,2
12328,0
10163,5
12519,0
15510,25
12008,0
16163,7
11399,25
1589,0
19815,0
18899,0
15375,23
14136,0 4
13576,5 25
13665,23 25
11279,21 25
19439,0
10125,0
17218,25
18350,5
17028,0 21
15129,7
18978,7
1893,23
13612,21
12358,6
14225,0 25
162,0 4
17821,0 25
13064,25
16816,14 21
17540,23
16261,0
11257,2
13723,0
15777,23
16594,5
15756,25
18586,0
16704,14 25
13379,6
13182,21 25
1094,21 25
1328,21
14900,13
11431,23
13500,0 25
15260,25
1628,11
13317,
17452,4
12740,25
12421,0 25
15688,0 1
11625,7
1622,21
15632,7
19888,0 25
12122,25
12351,0 25
15133,21 25
12613,0
11310,0 25
1927,0 4
17930,0 1
19851,0 25
19894,0
17421,25
14392,7
12324,0
17322,23
15287,25
11162,25
16559,5
11518,0
19748,0
10432,4 25
14904,25
15404,25
16716,25
1920,0
13553,0
16943,21
16702,25
18695,21 25
16972,25
11647,21
11147,0 25
19045,14
12139,14
19028,7
14160,0 25
18662,25
13346,0 25
12941,0 23
18112,19
19226,0 25
16330,0
10041,25
13777,0
18374,0 5
10656,21 25
16974,25
15881,0 1 2
11585,6
1211,0
13529,6 23
18501,
14423,25
17213,25
17537,0 25
10053,0 1 23
18839,0
16477,7
1279,2
17780,0 11 25
19734,0
13165,23
1842,25
11444,7
18958,23
12176,6
17551,23
101,7 25
15373,25
15620,2 3
16393,23
18560,21
18043,25
15535,0 2
10257,0
1726,0 25
11550,19
1945,0
1675,25
12760,0
15125,7
17975,0 25
15443,0 25
15885,7
10686,0 25
13265,25
14774,0
17833,0
12152,0
10503,0
17753,0 25
1584,0
17635,0
19186,0 25
12642,0 25
12974,0 7
14035,12 25
158,0 4
12532,23
13005,0 25
11968,14
12506,0
14408,0 25
18106,0 21 25
18385,
16572,0 25
1929,0
10060,0 25
10836,0 1
10966,23
12232,21 25
14949,23
12822,0
1000,0 25
16922,0
15737,23 25
17549,0
19911,5
11455,11 25
11751,0 2 7
19495,0 21 25
14993,4
19014,0
10701,0 21 25
17209,0 25
17913,0
12160,25
15226,23
12619,5
16106,25
10617,0
13826,6
17982,21
12330,4 25
14919,7
19876,0
19848,0 25
16707,0
11390,6 25
15814,0 23 25
12668,0 25
17773,0 25
16456,0
19286,0 25
10379,0
19352,23
16229,0 25
14956,23
19238,7 25
10428,21 25
14146,23 25
19029,7
12938,6
13144,25
11826,7
1944,0
10990,0
10119,0
19594,25
17306,3
15483,0 5
15415,0 25
1379,
17375,0 25
16240,0 25
1097,0 25
16328,21
17511,0
17980,5
19726,0
1894,0
12135,22
16271,11
14685,4
11838,0 2
18628,7
10546,0 25
14046,0 7
15078,25
16765,4
12391,0
12705,21
17644,3
17688,
10130,0 25
1895,0
18364,4
12912,23
10647,0 21 25
10500,25
11791,6 25
15647,0
11470,23
15834,0
18952,
13183,25
15985,0
11301,0 25
15174,23
11778,0
11042,4
17801,13
1008,23
11869,25
13903,23
12875,0
11554,23
1666,23
1201,0 7 25
16189,0 25
18407,0 25
16871,0 26
16731,0 25
18988,21
17023,4 25
19081,6 23
1560,0 25
11714,0
15494,0 7
13023,0 21 25
14439,6
10098,0
17145,0
11049,0
14990,0 2
19817,0
15252,21
13401,7
16134,0 25
10589,21 25
15696,0 25
14496,25
15141,23
12079,14 25
14793,7
17034,21
10697,0 25
17043,0 1 25
16558,0 25
17643,2 3
160,0
15498,21
1296,1
15398,21 25
11314,23
11500,7
1198,23
11525,0
15581,0 25
19957,0 25
13130,19
12255,0
19883,0 23
16759,21
16045,0
18864,3
15310,0 4
17850,23
18986,23
12091,25
12905,4
19618,
13691,0
14772,0 7
18998,25
1162,0 25
15230,23
15172,25
18968,0
1507,19
16041,0
12233,25
11359,1
13448,7
11802,25
16988,25
16441,
12367,0 21
1852,7
13000,0
17423,25
1704,21
10170,0
18279,25
10709,7
15997,14 25
11896,14
14152,23
19031,0 23
11641,0 25
13741,0 23
10086,14
11216,0 25
19988,0
1422,0 25
11106,0
12310,25
12657,3
15925,4
11963,25
17472,14 25
14959,25
14777,0 5
18677,7
10342,2
11815,7 25
11283,0
12680,0 1
1313,0
1951,0 25
12402,2
1912,0
11397,25
18622,0
10110,5
1462,0 25
10349,23
13364,23
14348,23
10458,0
14296,25
16141,5
18194,0
14068,25
11458,25
13019,21 25
17560,6
16360,0 25
13476,0 25
15309,4
19998,0
15563,23
18746,23
15692,0
16462,0 25
15312,6 23
12061,4 23
16684,7
15730,23
15813,0 25
16127,0
16379,0 5
19756,4 23
13306,14 25
13767,2 21
19767,0
11811,21
14157,0 21 25
13609,21
17160,21
11926,0 25
11841,21
12295,7
1534,21 25
14263,0
18335,4
14085,14
1998,0
14238,25
11704,13 22
14462,0
19374,2
13147,23
14684,0
14645,0 25
15278,4
13773,3
1288,0 25
1601,25
11244,0
1947,5
15870,7 25
1239,14
1543,25
1430,25
14431,6
10934,0 7
14011,23
13535,5
12946,0 25
1129,0
1532,25
14425,0 25
17949,25
14525,21
15773,23
13235,0 25
14069,25
19189,25
14284,0
19430,0 5
17612,25
15451,0 7 25
16828,25
12253,0
10169,
12850,7
11016,
1340,19 25
1585,0
18060,0
17764,21 25
14144,4
16202,23
13136,23
18187,0
14584,0
16552,0 25
1993,0
17505,14
16599,23
19597,7
13610,21
11109,12
19122,0
16025,25
14502,25
17827,21
17695,6
12993,4
16925,0 25
1782,0 25
15123,0 7 25
18866,2 3
17733,7
11161,7 25
15598,0
1855,23
12913,23
16846,0
10672,23
1808,25
12924,23
12835,4
17758,0
1385,0
12272,4
19229,0
19133,13
18678,7
12334,7
16638,13
10258,0 25
18844,0 25
11203,4
13717,0
13887,0 25
16158,0
19916,1 7
1697,0
14730,0
1642,0 25
15668,0 7
15262,
1848,7
11239,
14704,23
19971,11
11594,21
14028,0
13138,6
15787,23
16201,23
16895,23
11732,21 25
18306,0 21
1576,0
10898,0 25
19273,0 19
14205,23
11038,0
12498,0 25
11885,21 25
12958,21 25
18431,5
19722,25
11709,22
14713,0 1
15215,0 19
10943,6 23
10870,7
13781,0
16804,0 25
15453,7
19351,23
17482,25
13449,0 25
11417,0 25
1641,0 25
1290,0 25
12054,0
10434,5
11720,0 25
12768,0 21
17499,23
1745,0 4 25
17916,0 25
13232,0 25
14179,0 25
17470,25
13607,21 25
1730,0 21 25
13096,0 25
10024,0
1607,0
13761,3
13784,0
14021,25
12438,25
13053,23
1824,11
13243,0 25
19426,0 5
10463,21
15363,0 25
10195,0
11281,0 25
18627,7
15254,25
1343,0 25
12576,23
16621,0 25
17123,25
13542,0
14384,0 7
14314,
11699,21 25
12309,25
19388,23
13860,16 25
18216,0 25 26
15733,21
14811,0 1
10221,6 25
19860,23
12033,0
18508,19
13140,0
12379,25
18824,0
13230,0 14
19284,0
1752,21
10758,0 21
16138,25
15975,21 25
17841,0
1761,0
18180,13
18388,23
14098,2 7
18982,25
19104,5
16885,7
16587,2 3
1498,0
15145,23
16212,0
17242,2 3
17445,25
1335,25
19546,
15068,23
18167,0 23
11538,21
1806,25
12708,21
13959,0
13262,6 25
13181,25
16694,0
15911,21
16020,25
17358,
12898,21
1594,2
13072,7
1092,0
13231,0 25
15190,0
18804,0
16400,23
19917,
1450,25
14554,14
1120,7
10991,0
16486,25
1370,7 25
13909,4 5 7
12004,0 25
1581,0
10036,25
15569,0 23 25
10849,14 25
10988,0
11159,19
14306,25
14580,21 25
18218,0 25
18970,0
17411,6
12714,21 25
16715,25
11665,0 25
18837,0
1587,0
18170,0
13261,2 25
1248,25
14411,0 23 25
1956,
15178,23
17512,0
13803,4
19530,23
13167,23
15872,7
13852,7
16000,25
16995,25
15089,0
11864,6 23
10804,14
12539,23
12390,23
14047,23
12934,23 25
16911,21 25
13151,23
18539,0 25
13779,0
10999,2 5
14625,2
12882,6 25
1303,4
10124,0
18836,0
12442,19 25
14317,2
16546,6
17918,0 25
18877,6 14 25
15391,0
15447,23 25
14333,0
1722,23
18362,4 23
16675,25
12018,
17291,21 25
15931,4 25
12105,0
11366,0
12645,14 25
16146,25
11515,21 25
19818,0
17310,3
12199,0
17968,7
19841,0 7 25
12995,0
10514,0
13205,25
12030,2
16849,0 25
12572,23
1479,2 23
14434,6
17344,2
11638,25
15185,7
14237,21 25
1243,19 25
14883,0
14229,25
17247,3
18483,2
1176,0 19
19288,25
17483,25
15446,0 19
17654,22
10565,0
14285,0
15063,14 21 25
1102,25
1651,7 25
18729,0 5
17098,25
16561,5
17735,7
17167,2
17536,0 25
18666,2 25
10737,5 25
18139,25
16017,11 25
12814,25
14198,6 25
10407,
11086,0 7
17324,0
15338,0 11
13627,14 25
15070,23
12387,23
10936,25
13191,23
12733,0
1284,0 25
18067,0
11217,0 25
16875,0 25
18262,25
17128,0 25
11747,0 25
12317,0
16159,0 16
15743,23
16848,0
17825,25
1723,23
15440,25
11089,0 25
16308,0 25
18575,6 25
19295,
19446,0 23 25
10003,0
19131,13 22
18562,21
19948,0 25
10559,21
14596,0
15678,21
13118,14
1932,0
16055,0 2
15923,4
11584,6 25
12225,7
12118,0 5
11278,25
16359,0 25
15138,14
13562,0
14747,0 23
1934,6
10474,23 25
18103,0 25
11255,0
17752,21 25
11289,0 25
1295,0 1
14089,14
1874,6
1649,25
14560,25
10979,23
19285,18
19147,6
14622,2
13333,2
14626,2
18687,23
12029,2
14294,6 14
11179,0 25
166,0
17024,4 25
14890,0
15238,0
10638,21 25
16789,0 25
1793,4 7
16760,21 25
13582,0
10694,21 25
12201,0 5
15466,25
19691,0 7
11349,25
1466,0
16892,0 25
13185,0
16701,25
18787,0 25
14024,25
10619,20
12394,0 23
16190,0
10464,21
17072,0 25
11561,0
16530,1
16018,25
15102,25
11271,7
11633,25
19725,25
13851,7
1582,0
1445,25
17397,0
15389,0
1377,19
19801,0 21
18522,21 25
16584,0 25
13303,12 21
17781,25
17726,2
13324,0 25
18149,0 25
14806,0
19443,0 25
16489,25
18096,7
18779,0 25
1259,0 25
16484,25
11923,0
16665,0
12588,21 25
14547,2 3
1215,14 25
15400,25
17587,25
15908,21 25
1504,0
19598,25
13311,7 25
1859,23
1040,22
17276,2
18951,7
17083,0 25
14886,0
10394,19
14398,23
16207,0
10564,0
1428,0
13273,21 25
14101,0 25
15033,23
12237,7
10810,2
13062,21 25
10042,0
18227,0
1421,0 25
12458,0 25
17412,23
14992,0 2
16454,0 1
18906,23
15999,0 21 25
19962,0 25
10524,25
12426,0 25
17186,0
19246,0 5
1250,25
17699,0 2
13945,23
18772,0 4
18440,0 25
13768,2 21
16510,
16589,2
11478,0 25
12471,21
14056,4 5
1563,0 5
11940,0 25
14839,0 1
1412,21
10406,23
18564,2
1088,0 2
10263,0
17655,22
14192,0
14998,0 5
16663,0
14614,23
14283,23
17594,25
12287,0
15299,0
15980,25
10127,0
1834,21
14769,0 25
12378,25
1366,25
183,0 21 25
13729,0 21
17224,7
11782,0
16443,23
18771,0
10204,6
11356,21
14892,2
16903,0 25
13808,4
13219,21
17969,7
12219,0
10460,23 25
12431,
10547,0 25
15289,0 25
12183,21 25
16947,
16545,6
11459,0 25
13888,0 25
11370,0 25
1420,7
18751,26
12120,6
1253,21
17108,0
16773,0 25
13805,4
16857,0 25
17869,2
16696,0
13305,25
1716,0
16562,5
1982,25
11091,0 25
19267,21
12236,7
100,21 22
15053,19
16334,25
15953,0
18872,6
17005,6 25
14995,0 4
16798,3
14984,0 4 25
10915,2
10766,0 25
15203,21
16204,25
12217,0
1753,21 25
11058,0
186,0 25
11153,0
13163,23
17088,0 25
18489,0 23
13878,0 25
14242,0 6 25
1115,0
1662,0 23
18260,0 25
17779,4
19997,
14815,0
19184,0 25
18341,0
13575,23 25
13951,23
16255,0 25
16508,25
16177,6
1156,25
19623,0 5 7
12460,4
19479,0
11149,0 25
19935,0 25
13623,25
18592,0 25
14273,0
14968,0 25
12167,25
17679,23
18991,2
17012,0
13707,0
10520,0 2
12065,11 25
18202,5
1688,2 3
19836,0 7 25
10014,0
15846,0
10778,14 25
12308,21 25
17618,0 25
11136,6
17447,0 25
15672,0 25
14930,0
10076,
1341,6 14
10391,0 19
18345,25
12561,25
13380,21 25
1365,25
16602,0 25
16514,0
16881,25
1053,25
16777,0
14219,0
1686,4
17216,25
13312,25
18890,0
10079,0 25
11569,2
17817,2 3
17713,0 25
10074,7
15471,7
12343,5 23
15316,23 25
14809,0
16586,2
17161,0 25
12981,21
11908,23
14954,5 23
11821,2
13177,0
11547,0 25
14196,25
13395,23
18763,19 25
14942,0
13355,0
17163,25
1159,25
11862,
17210,25
17458,0
12739,6
15502,0 25
11701,21 25
1681,4
16656,7
16243,0
170,21
16860,0 25
11436,0 25
18753,0
13290,2 25
13806,0
12616,0
12749,0 21 25
14312,3
17195,0 21
1170,25
19384,23
15573,25
13479,4 25
15377,23
14945,0
16032,4
18430,5 7
18390,23
18153,23
17015,0
10030,25
1045,25
18960,25
14370,0
1903,7
13534,0 5
17230,0
14120,7 25
12482,0 22
17466,7
13690,0
12756,0
13220,12 21
19405,0 23
16534,7
11135,6
12062,25
10277,6
11724,0 25
13004,25
16397,23
18984,0 25
17455,0
18509,7
14178,25
19137,21 25
18272,0 25
17468,23
14456,0 5
14365,0 4
10900,0 5
14255,7 25
14981,0 25
1640,0 25
15014,0 25
1862,25
1260,0
12119,0 5
1184,0 5
13910,2 7
18151,0 23
13598,0
10179,0
12325,0
12557,25
14725,0 7
19906,21
19617,0
19017,0
13129,5
16047,0
14980,0
17665,13 21
13247,25
19050,21
19843,0 7
13460,7 25
17136,0
15345,0 25
19776,23
11438,0 23 25
12928,0 1 23 25
1266,25
18058,0
13307,23 25
14884,0
18478,11
1333,0
16920,0 2
15994,0
12554,2 3
1545,0
11424,0
14033,21
15750,21 25
17624,7
13348,0
11102,0 25
19071,0 4
10346,25
18291,23 25
12949,23
17384,23
18533,7
1799,0
13433,0
1617,25
16813,25
16357,0 25
197,0 25
14635,23
12764,2
12262,2
14262,0
16908,14 25
15106,25
18133,2 25
17460,0
17105,0
14077,2 25
1843,21 25
16062,0 7
18975,7
1402,0 25
18571,2
10942,6
12188,0
17711,0 1
18631,4
16029,4
15256,7 25
16063,7 25
1635,25
19995,0 7
1425,25
12035,0 7
17339,25
10134,0 25
18969,0
11779,0
1358,0
17836,0 23
12626,21 25
15902,0 25
14757,23
11454,25
1966,0
16024,25
12490,22
13737,0 25
19788,7
13063,25
14183,0
18372,0 25
17352,12
16858,0 25
1821,0 25
13799,0 25
1679,0
16317,0 21 22
17443,0 25
13863,7
14961,21 25
15237,0
16174,0 23
11350,23 25
18201,5
12415,21 25
18907,23
12428,25
19728,0
13930,4
16504,25
15883,0 3
14206,25
10175,0
164,0
19770,24
17760,0
11610,0
13350,23
1107,23
14847,0
11787,11 25
19088,0
11972,21
15653,0 25
16782,23
13501,0 25
15286,21
117,25
1537,0 25
18042,7 25
12595,0
11975,6
1033,0 25
13381,25
13904,23
11663,7
17571,7
14717,21
18516,0 5
19268,0 21
14139,0
12202,0
19738,5
15977,0 25
1417,7
10109,0
15417,0 16 25
10902,0 25
16247,0
14911,22
19401,12 25
15506,25
13308,25
11950,4
13786,5
11919,7 25
18092,0 25
18223,0 1
13885,0 25
14951,23
14353,7
13489,0 23
19180,0 25
17126,21
16398,23
14749,0 25
17245,2
1690,2
12281,
14701,0 25
16215,0
17009,0 11 25
14693,19
10620,7
16422,23
1881,25
12704,21
1630,7
10708,7
19802,23
11393,23
14997,0 5
1814,6
1175,0 7 25
14804,23
1871,25
1743,21
19710,14
14897,
18179,22
16640,25
17424,21
12560,25
15450,25
18127,23
14311,0
1701,25
15109,0
13724,0 5
14121,0
17570,0 7
13042,25
19372,2
16194,0 25
1680,0 7
17437,0
16001,0
11936,0
12405,0 2 3 7
16933,5
19508,23
17762,25
13809,23
11456,25
11272,7
11546,21
14790,25
15295,0 23
12592,0
13175,4
12575,23
12968,4
1608,0
19510,0 23
18830,0
10878,25
16819,19 22
13566,0 23
10824,0 25
12876,0
15261,21
14363,0
13574,19 25
16655,7
1199,7
14038,12
11846,12
16003,0
10783,0
11215,0 25
14540,7
14941,0
14770,0 25
12994,0 4
13857,12 25
12339,0 23
13703,21 22
1713,0
10517,5
13728,0 23
13693,0 11 25
16874,0 25
12007,0
14828,23
1299,
15060,7
10473,23 25
11140,0 25
13701,12
15318,25
17989,25
1787,0
18189,0
10011,21
19529,23
17457,0
16341,7
13174,0
12154,0 25
11114,25
11004,0 23
18682,7
16567,25
11522,23
12092,6 25
15348,0
15349,0 19
17896,25
12769,25
10028,6 25
11909,23
17328,7
10372,25
18889,0
14275,0
12340,0 25
19435,0
14009,7
18379,0 5
13357,0
15656,0 14 25
16682,7
14766,0
13483,25
17986,0 25
17084,0 25
12344,25
19367,23
11015,25
13958,0
1319,0
11023,0
12322,0
14529,0 21
18510,0 25
13923,2 4
19672,23
13001,23
1414,11
11763,0 25
18879,6
14376,21 25
12753,0 21 25
10569,25
12607,0 21 25
19732,0 25
12599,25
15192,0
15243,0
10338,0
13074,
14733,0
18300,0 4
19021,0
17631,0
10794,7
16864,0 25
11325,0
18512,7 24
12312,25
13222,25
1001,0
10317,23
16058,0
19185,0 25
12080,0 23 25
13344,23
16543,0
1203,0 25
18401,0 25
19681,25
11536,25
10196,0
16690,0
16006,0 25
18827,0
11597,25
1426,21 25
11609,0 25
18724,0 4
19909,0 5
15982,0 25
12326,0
15413,0
19227,0
16626,7
13031,25
17995,0 5
17681,6
15181,25
17317,0
1457,0 25
16573,21 25
15829,0
19498,0 25
14551,14
19680,25
10829,25
17215,25
14605,25
14130,25
17838,0 25
18594,25
19123,5
18405,0
11966,25
12011,23 25
18469,23 25
16479,0 7
17747,0 25
18142,6
17181,0 23
11577,0 25
17514,4
1577,0 25
1914,0
13694,0 25
16669,0 25
10566,0
15416,0 25
17863,0 2
18692,0
15280,0
16794,0 2
17121,0
16427,4
15891,23
16647,7
18679,7
12698,25
1031,0
14999,0 4
13620,0 1 25
15862,7
16142,5
13613,21
10374,21 25
18065,0 25
15319,25
12761,0 2
16738,14
11324,0
1222,6
1394,0 25
1158,25
18504,18
13079,25
16155,0
12333,0 4
11729,25
19290,21 25
13020,21
17097,25
19323,0 25
19393,0 25
12067,7
1909,0
13263,25
18125,0 4
18833,0
1194,0
16757,21
1798,0 16
19382,0 5
19966,25
19078,25
16579,0 25
15706,0
19463,25
16609,1
12520,0 1 25
12594,0 19 25
18767,0 7
14841,0 1
15708,0
11080,0
12156,0 25
14846,0 25
10266,0
10062,21 25
17029,7
16654,7
18173,25
17206,0
14615,23
12765,0
15464,0 25
17586,25
18287,25
14552,14
19094,0 25
19040,5
18154,0
19643,13
11941,25
12294,7 25
13700,12
18455,0
124,4
12791,0 21 25
15177,23
13528,6
13983,0
1683,0
12629,14
16100,0
1954,25 26
19162,7
17010,6 25
17146,0
11235,23
198,0 25
11425,0 25
14426,25
11789,25
10339,0 25
15526,0
11357,23
16233,0
13430,0
18655,12
19114,0
16167,0
10160,25
15297,0 25
19080,6
12712,25
15467,25
18632,4
12408,0 3
1566,0
11673,19
17830,25
11971,14
15924,4
11079,0
12631,14
10390,0
10358,23
1195,0
18925,0 25
18011,2 3
19854,
14946,0 23
11394,23
17702,23 25
15913,0 23
16061,0 7
17040,25
18089,2
18614,23
12926,0 23
19334,0
10659,0 25
15496,21
16801,0 25
14616,2
17282,5
15513,21
18838,0
19926,0 25
19612,25
16505,25
17335,0
17673,7
10607,0 25
14330,25
18397,25
13201,21 25
15423,0 25
13518,25
13994,19
13834,0 25
12827,12
11917,0
18370,0 19
13950,23
12664,18
1409,
1694,0 23
19282,0 25
10012,4 23
13588,0 25
17626,0
18163,0
17790,0
19608,0
19275,0
16574,21 25
19555,23
17593,25
16316,0 25
14344,
15352,0 26
1217,6
16983,0 25
17965,7
14983,0 3
15156,5
12906,4
15191,0
11792,6 25
19739,5
18860,2 23
12198,0
1846,2 23
11877,0
15932,25
15864,0
11156,0
13070,7
1831,0 25
16180,0 6
11630,5
12918,23
14627,2
19245,0
18845,0
11333,0
16160,0 16
11276,11 25
18700,7
16745,6
14017,23
16302,23
18702,23
18570,2 4
12491,0 21
11988,23
17281,0 2
19758,21
11760,2
16928,7
13365,7
16750,7 25
15486,0 25
12948,23
11728,25
1330,0
16090,25
15698,21 25
15972,3
1631,0 25
14973,23
14728,7
10816,0 25
12528,23
10688,25
15772,11
15149,23
12547,4
11076,0
19103,5
16482,25
11020,0 25
14546,2
13101,0
15189,0 25
14723,7
13405,23
17272,0 2
18178,13
11977,6 25
1684,0
14359,2 3
14565,21 25
19121,0
16148,19 22
1738,25
11490,7
10063,21
1439,23
1458,0 25
16362,25
14515,22
13,23
15140,23 25
11664,7
17899,25
14621,2
11165,0 7
11537,0 25
16872,26
15820,0 7
10206,1 23
18900,0 25
1890,0 21
18327,0 23
15727,23 25
17303,21 25
16492,14 25
17777,4
12647,21
10675,6
13125,23
14934,0
12870,21 25
12923,23
10952,25
10861,25
14762,0
12432,0
17036,7
16026,25
10598,0
16692,0
199,0 25
11024,0
1396,7
11794,0 25
14347,7
16124,0 7
14798,0
13855,2
17217,25
11280,21 25
18688,0 23
13541,0
12792,4 21 25
1473,23
17579,0 25
11432,23
13997,0
10754,21
12527,21
14188,0
14436,6 23
15521,25
12973,7
11214,0
14189,0
16709,0 25
15899,5
12208,0
19528,23
1265,25
14970,0 25
12257,0 5
10955,25
19625,0
127,4
18185,0 7
11395,25
11249,25
16641,21 25
1316,0
19580,6
19010,0 25
17293,21 25
13814,7
19501,25
17211,6 25
10869,25
1803,0
13234,23
19024,0
16580,0 23 25
11545,21
14651,23 25
15914,0 25
1142,0
11891,25
18403,0 25
16300,23
19403,0
18650,12
15135,14 21 25
18640,25
1572,0
17976,0 25
14390,7
11744,0 23
10770,0 2
18976,7
19835,25
116,0 25
1979,25
14091,3
19561,0
1123,23
14936,0 25
17832,0
12855,23
18535,
13901,23
17237,6
13394,23
18673,23
14988,0 2 3
11588,23
10752,21
10055,0
19865,23
10791,0
17435,0 23 25
11460,25
16501,5
16458,4 25
16214,0 25
18819,0 2
10451,0
10787,0 5
18555,0
18848,21
11213,0
15208,25
18353,7
15791,23
15508,25
17625,0 25
12857,6
10380,0
16733,0 23
11059,5
14826,7 25
15715,4
19620,5
11726,25
18761,25
10264,0
14010,23
12411,0 25
19507,4
12111,0
18269,7
1972,0
17757,0
11592,21 25
17661,21
10555,0 25
19759,21
14391,0
19634,0 4
15799,0 4
1598,
10632,7 25
14402,14 25
182,0 21 25
1297,23
17122,0
17348,0
16902,0 25
16429,4
12851,6 23
10295,0
19274,0 25
18391,23
11189,23
16312,0 21 25
12832,0
14564,23 25
19136,0 25
17997,0 21
13533,0
11961,25
10254,0 1
19342,7
12097,7 25
1766,0 5
18310,0
13092,0
19161,23
10104,25
16628,7
11725,25
11753,7
18444,23
19349,11
1456,7
15749,21 25
18709,21 25
12197,0
15121,0 25
18162,0
15057,14
17232,0
16224,2
12903,4
15414,0
16273,0 25
11616,0
19087,0
13837,25
11989,23
168,0 25
17707,25
18464,4
12858,6 23
15074,25
17196,21 25
11866,25
1509,7
16535,7
11082,0
19409,
13266,25
19105,0 3
17903,0
11575,0 25
17290,21 25
12541,
18757,0
14351,7
12141,0 25
17706,25
14043,25
19721,0 5
18032,0 25
11223,23
11817,0
15970,2 3
11198,7
10140,0
10331,0
17535,0 2 25
1936,6
1500,0
15556,0
16249,0
13058,23
19214,0 25
18744,22 23
17932,0
14743,0 25
13391,23
16014,25
12348,0 23
16470,12
17464,0
19193,25
16941,21
1561,0 25
14891,2
19903,0 25
16285,4
15836,7
14807,0
12422,0 25
16726,0 25
13257,0
14745,0
17925,11
14104,0 25
18897,0 25
19944,0
16705,0
1179,7
12136,14
13198,21 25
12578,23
17878,0
17605,0 4
13642,0
10578,0
19615,6 25
15690,0
15694,23
14588,0 1
11293,14 25
17280,0 3
15001,0
18041,0
16588,4
17150,0
1841,7 21 23
16686,7
11129,21 25
14782,0 25
15381,0 25
18684,
12559,25
15671,0
19955,0 25
12241,0
18165,0
11379,0
14775,0
1711,0
19425,0 5
10713,0
17073,0 25
159,0
18330,0 23
19809,0
10793,
10885,0
10786,0 25
16532,1
16513,0
17158,7
14251,21 25
187,0 25
18449,0 23
19363,0 7
12240,0
19904,11
19210,0
10363,25
12653,0 2 25
17289,21 22
14289,0
13377,0 25
18339,0
12098,23
18025,21 25
15845,0
16264,23
10072,0
11408,0 25
18647,11 12
10227,25
1334,0
11526,0
16608,0
19379,0
19757,4
1400,25
18861,0 2 25
17964,7
16898,7 25
11532,25
18502,
12068,7
18538,13 25
16491,25
19982,4
16761,25
16281,0 25
1114,0
18561,0 21
14736,7
10429,21
10454,0
14977,0
1964,0
12606,0 25
10833,0 25
19322,0
17987,0 25
19586,0 7
17650,23
16691,0
16531,1
14387,7
10944,25
15934,14
12805,23
18150,23
10855,0 7
19824,23
18366,7
16886,7
19775,23
18057,0 26
10543,0 25
10220,25
19517,4
15797,0
14516,25
17400,0
10518,3 5
18302,0
10986,0
18190,0
17545,0 25
19084,6
1460,0 25
12249,5
12366,0
16375,0 25
11358,
14228,21 25
1438,23
19300,2 25
18641,25
17265,0 25
10052,0
14606,19 25
16672,21 25
10255,0 2 11
13081,21 25
10696,14 25
13052,23
13451,0
10616,0 25
1916,2
13816,0 25
11583,0 25
1891,0 25
16451,6
103,21
17602,4
10949,0
17590,4 21 25
19945,0
17981,5
17049,25
14241,14 25
13608,25
16555,0 25
13411,25
10330,0 25
17686,0 25
1522,0 21
15026,0
12274,23
19142,7
13578,4
14131,0 25
16140,25
13942,0 26
15118,0 25
10239,0 4
14579,0 21
15269,6 25
18280,11
14213,0 5 7
10947,0
14952,23
1408,0 5
15495,21 25
12979,0 19
11578,0 4 25
17694,25
10180,0 5
10265,0
15588,25
10219,25
14277,22
15992,0
10994,0 5
16358,25
13104,0
15358,0
14791,0 7 25
14309,25
18734,0
19077,25
18360,25
16342,7
18240,25
14986,0
12563,0
18595,25
19595,7 25
1644,23
1019,2
1447,25
1018,2 4
14268,0
18316,0 7
13361,23
16465,12
17755,21 25
19195,2 25
10319,19
19554,23
14819,0
1980,11 25
19551,25
15420,6
13048,0
18091,0
13148,
15480,0
13660,0 16
15403,25
11749,0
12726,0 7
14694,4 6
10687,0 25
16494,6
13358,0
18490,21 25
13839,23
10049,14 25
10633,23
18715,21
15965,0
19129,21
18497,25
14477,0
17806,7
11360,23
12244,7
16740,25
15167,21 25
11618,0 23
13056,23
12231,25
17142,14
11474,0 25
17233,0
17067,21
17462,4
12747,4
12734,0
11047,14
14652,6
1393,0 23 25
16993,0
1390,0 25
13836,21 25
19270,0
17742,7
16295,2 25
19720,0
10692,23 25
18034,6 23
11551,23
12596,25
17724,23
18080,
15354,0
11110,12
1564,0
10625,0 7 25
13640,25
12665,18
10918,6
12738,6
12669,0 25
15838,0 25
10488,6
14457,4
1767,0
10554,4
15861,0 7
1423,25
14012,23
12296,0 23
19933,0
13922,2
17639,25
12211,0 25
15639,21 25
11689,0
12109,0
13410,25
17367,0
15211,25
19272,0 5
13934,0 25
19744,2 7
10567,7 21 25
15315,25
13142,0 23
12630,14
18956,23
14573,0
14329,21 25
1234,3
18288,25
13249,25
1060,0 25
1467,0
16493,6 14
10469,0
11708,22
14629,21 23
12573,23
13746,6
18898,0 23
18732,0
15880,0 7 25
12108,0
17847,23
16926,25
19027,23
15550,0
12877,0 25
14233,0 12
19785,23
17888,11
13024,21 25
16087,25
19130,21
10123,0 4
19542,0 23
17596,25
19557,23
17988,25
14125,25
13209,21 25
19922,13 23
17894,21
16078,0
10968,23
14935,25
17617,25
18352,0 2 7
15798,0
12696,0 25
16518,0
10193,0
17277,2
1763,0
14756,
19488,23
13438,25
19208,0
18235,0
18942,12 22
16060,7 25
17947,7
17089,0 25
17296,0 25
1490,23
16304,21 25
18,21
18783,0
14051,6 23
14479,4
10997,0
11041,0
16679,0 25
10142,0
16975,25
11267,25
12936,23
18607,0 25
12873,0 25
15967,3
14154,25
13750,6
11428,23
19847,7
16067,25
12230,0 25
18214,0 25 26
18683,7
17297,0 25
13998,0
12887,0
10357,23
15626,2 25
19248,0 25
15768,7 25
16145,21 25
14553,14
19724,25
10677,23
13954,0 25
11315,23
13319,25
16471,7
1004,21
17541,23
14878,0 7
19591,21 25
15545,0 25
18581,0 25
1186,0
1487,23
15849,0 5
11364,0 25
11686,0
18674,23
10827,4 25
16966,25
10396,19
15171,14 21 25
16604,0 25
18104,6 25
16220,0 2 3
12950,6 23
16367,0
1226,6
18884,0
16620,0 23 25
15567,0
14722,7
18085,23
12695,0 25
19743,0 2
10891,0 19 25
13453,0
13176,0
13484,4 25
15758,25
17319,7
13890,
19058,
10685,23
19902,0 25
12220,0 4
11489,5
13194,23
11040,0
12189,0
11531,25
14001,0
15350,0 19
16114,25
14506,0
12238,0
19433,0
18515,21 25
13796,0
19205,0 25
15084,4
10054,0 23 25
13116,
15623,2
13584,0
1465,0
11886,21 25
19730,0
10128,0
17682,0 7
14871,0
12782,0 25
13810,23
11741,0
15061,23
11870,0 25
16784,7
11914,0
18913,25
13880,0
11296,25
16268,0
18876,6
18910,0 25
15374,25
14530,0
16453,0 1
17807,18
15558,0
13984,0
1292,0 25
11643,0 25
10755,7
18425,25
17608,25
16774,0
19135,0 25
16104,6
10232,0 25
17187,0 25
11378,0
16030,4
19807,0
11611,0 25
10208,7
15717,4
19115,0
19380,0
14080,2 25
10135,0
10490,6
16135,4
18389,23
11840,21 25
16253,25
11253,0 25
10137,0
12251,0
17784,25
11586,25
17607,4
15720,0
16403,25
10171,0
17977,0 25
14464,0
14795,0
1629,0 25
16917,4
10635,25
15024,
13193,23
12076,14 25
19070,0 25
16345,0 1
11750,0
17176,0
13458,6
11385,25
11120,0 7
15745,21 25
11965,0 21 25
12010,23
15606,19 25
15407,0 25
13435,0
14405,0
17001,25
12313,25
13968,0 5
1856,23
15602,0
14476,0
10978,4
19624,0 23
19772,6 11
19490,23
1655,6
11722,0
18293,21 25
10327,0
10360,25
16011,25
16246,0 23
13298,0
1062,25
1212,0
10540,0 25
16746,6
13841,6
10050,0 25
10910,25
13309,25
16990,25
11092,0 25
17201,0
15283,7
16414,12 21
19309,0 25
13755,0
18471,21
11619,25
11651,21 25
12213,0 25
12672,0 25
17800,13
12486,0 21
15601,0
11121,0
11658,7
19072,0
18962,0
1568,0
19713,0
1443,7
11758,2
14666,0
13258,0 25
143,25
13239,5
15093,25
12488,0 22
10378,0
18292,21 25
114,25
1381,0
19773,11
18006,0 23
17788,0
1849,7
14303,0
14665,0 25
14898,21
18461,23
10750,13 21
14640,0
13441,19 25
18606,0 25
18381,23
17583,21 25
15827,0 25
13402,23
17767,6
16758,21
1148,0
15168,21 25
17849,23
18348,25
14734,0
12911,23
18548,0 25
19242,0 21
11388,25
19436,0 23
13030,25
17231,0
17749,25
13844,23
1687,2 5
16097,
1084,0 25
15757,0 25
14758,26
13059,23
11928,0 25
19198,4 25
10702,21 25
10316,23
16299,23
18331,0 23
15484,0
18711,21 25
16969,25
12425,0 25
1728,0 25
11391,6
12049,0 25
18638,25
15388,0
1305,0
11833,2
16219,2 3
13828,12
10631,23 25
15618,0
11900,25
13900,23
10980,23
17508,14
14270,0 5
12804,23
1189,0 25
12095,25
11621,18
10010,4
11340,0
17099,25
12455,0
16012,21
11935,0
11828,5
14204,2 25
15555,0
12275,23
19128,0 25
11286,0
17093,25
17199,
11685,0
10